,accuracy,precision,recall,f1,roc_auc
logistic,0.77,0.0,0.0,0.0,0.5450781102955016
random_forest,0.77,0.0,0.0,0.0,0.5400589748415836
xgboost,0.7233333333333334,0.0625,0.014492753623188406,0.023529411764705882,0.46496016061233447
